<?xml version="1.0" encoding="utf-8"?>
<manifest identifier="_6fk7jK3LPkv_course_id" version="1.0" xmlns="http://www.imsproject.org/xsd/imscp_rootv1p1p2" xmlns:adlcp="http://www.adlnet.org/xsd/adlcp_rootv1p2" xmlns:xsi="http://www.w3.org/2001/XMLSchema-instance" xsi:schemaLocation="http://www.imsproject.org/xsd/imscp_rootv1p1p2 imscp_rootv1p1p2.xsd http://www.imsglobal.org/xsd/imsmd_rootv1p2p1 imsmd_rootv1p2p1.xsd http://www.adlnet.org/xsd/adlcp_rootv1p2 adlcp_rootv1p2.xsd">
  <metadata>
    <schema>ADL SCORM</schema>
    <schemaversion>1.2</schemaversion>
    <lom xmlns="http://www.imsglobal.org/xsd/imsmd_rootv1p2p1" xmlns:xsi="http://www.w3.org/2001/XMLSchema-instance" xsi:schemaLocation="http://www.imsglobal.org/xsd/imsmd_rootv1p2p1 imsmd_rootv1p2p1.xsd">
      <general>
        <title>
          <langstring xml:lang="x-none">TABS</langstring>
        </title>
      </general>
      <lifecycle>
        <version>
          <langstring xml:lang="x-none">1</langstring>
        </version>
        <status>
          <source>
            <langstring xml:lang="x-none">LOMv1.0</langstring>
          </source>
          <value>
            <langstring xml:lang="x-none">Final</langstring>
          </value>
        </status>
      </lifecycle>
      <metametadata>
        <metadatascheme>ADL SCORM 1.2</metadatascheme>
      </metametadata>
      <educational>
        <typicallearningtime>
          <datetime>PT0H0M0S</datetime>
        </typicallearningtime>
      </educational>
      <rights>
        <cost>
          <source>
            <langstring xml:lang="x-none">LOMv1.0</langstring>
          </source>
          <value>
            <langstring xml:lang="x-none">yes</langstring>
          </value>
        </cost>
        <copyrightandotherrestrictions>
          <source>
            <langstring xml:lang="x-none">LOMv1.0</langstring>
          </source>
          <value>
            <langstring xml:lang="x-none">yes</langstring>
          </value>
        </copyrightandotherrestrictions>
      </rights>
    </lom>
  </metadata>
  <organizations default="TABS_ORG">
    <organization identifier="TABS_ORG">
      <title>TABS</title>
      <item identifier="TABS_SCO" isvisible="true" identifierref="__6fk7jK3LPkv_course_id_RES">
        <title>TABS</title>
      </item>
    </organization>
  </organizations>
  <resources>
    <resource identifier="__6fk7jK3LPkv_course_id_RES" type="webcontent" href="index_lms.html" adlcp:scormtype="sco">
      <file href="story_content/thumbnail.jpg" />
      <file href="story_content/6LrvQQw4X0V_72_DX80_DY80.swf" />
      <file href="mobile/6LrvQQw4X0V_72_DX80_DY80_CX40_CY40.png" />
      <file href="story_content/5elaEXMBNBn_72_DX1314_DY1314.swf" />
      <file href="mobile/5elaEXMBNBn_72_DX1314_DY1314_CX657_CY150.png" />
      <file href="story_content/67As9Vm1nOZ_72_DX1164_DY1164.swf" />
      <file href="mobile/67As9Vm1nOZ_72_DX1164_DY1164_CX582_CY137.png" />
      <file href="story_content/6N5AQFOIKSy_72_DX1192_DY1192.swf" />
      <file href="mobile/6N5AQFOIKSy_72_DX1192_DY1192_CX596_CY138.png" />
      <file href="story_content/61mKrQ39vob_72_DX1208_DY1208.swf" />
      <file href="mobile/61mKrQ39vob_72_DX1208_DY1208_CX604_CY136.png" />
      <file href="story_content/txt__default_5fw2g340z6f.swf" />
      <file href="story_content/txt__default_6e7AnF5EkCh.swf" />
      <file href="story_content/txt__default_5qijLGXu9Yn.swf" />
      <file href="story_content/txt__default_5sM67wYay9Y.swf" />
      <file href="story_content/5VX8lnrnr2A_72_DX128_DY128.swf" />
      <file href="mobile/5VX8lnrnr2A_72_DX128_DY128_CX64_CY64.png" />
      <file href="story_content/6eqXbLEyXUU_72_DX128_DY128.swf" />
      <file href="mobile/6eqXbLEyXUU_72_DX128_DY128_CX64_CY64.png" />
      <file href="story_content/63oZ6KqVmoJ_72_DX128_DY128.swf" />
      <file href="mobile/63oZ6KqVmoJ_72_DX128_DY128_CX64_CY64.png" />
      <file href="story_content/6VQmegZpEPg_72_DX128_DY128.swf" />
      <file href="mobile/6VQmegZpEPg_72_DX128_DY128_CX64_CY64.png" />
      <file href="meta.xml" />
      <file href="story_content/frame.xml" />
      <file href="story_content/frame.js" />
      <file href="story_content/user.js" />
      <file href="story_unsupported.html" />
      <file href="mobile/txt__default_5fw2g340z6f.png" />
      <file href="mobile/txt__default_6e7AnF5EkCh.png" />
      <file href="mobile/txt__default_5qijLGXu9Yn.png" />
      <file href="mobile/txt__default_5sM67wYay9Y.png" />
      <file href="mobile/player.css" />
      <file href="mobile/player_compiled.js" />
      <file href="story_content/FontFactory.swf" />
      <file href="story_content/fonts.swf" />
      <file href="mobile/fonts.js" />
      <file href="story.swf" />
      <file href="story_content/frame.swf" />
      <file href="story_content/slides/5axo6btBpWI.swf" />
      <file href="story_content/slides/6OjcaHmfEBm.swf" />
      <file href="story_content/slides/5kulLse1MSC.swf" />
      <file href="mobile/slides/5axo6btBpWI.js" />
      <file href="mobile/slides/6OjcaHmfEBm.js" />
      <file href="mobile/slides/5kulLse1MSC.js" />
      <file href="story_content/data.swf" />
      <file href="mobile/data.js" />
      <file href="mobile/masks.js" />
      <file href="story.html" />
      <file href="story_html5.html" />
      <file href="index_lms_html5.html" />
      <file href="story_content/blank.html" />
      <file href="story_content/story.js" />
      <file href="index_lms.html" />
      <file href="lms/AICCComm.html" />
      <file href="lms/AICCFunctions.js" />
      <file href="lms/API.js" />
      <file href="lms/APIConstants.js" />
      <file href="lms/blank.html" />
      <file href="lms/browsersniff.js" />
      <file href="lms/Configuration.js" />
      <file href="lms/goodbye.html" />
      <file href="lms/lms.js" />
      <file href="lms/LMSAPI.js" />
      <file href="lms/NONEFunctions.js" />
      <file href="lms/SCORM2004Functions.js" />
      <file href="lms/SCORMFunctions.js" />
      <file href="lms/UtilityFunctions.js" />
    </resource>
  </resources>
</manifest>